<?xml version="1.0" encoding="utf-8"?>
<extension type="component" version="3.0" method="upgrade">
	<name>COM_FRECUENCIARESPIRATORIA</name>
	<author>Jose</author>
	<creationDate>2018/07/07</creationDate>
	<copyright>(C)</copyright>
	<license>Licencia</license>
	<authorEmail>copanonga@gmail.com</authorEmail>
	<authorUrl>www.copanonga.com</authorUrl>
	<version>0.0.2</version>
	<description>Frecuencia respiratoria</description>

	<scriptfile>script.php</scriptfile>

	<install>
		<sql>
			<file driver="mysql" charset="utf8">sql/install.mysql.utf8.sql</file>
		</sql>
	</install>
	<uninstall>
		<sql>
			<file driver="mysql" charset="utf8">sql/uninstall.mysql.utf8.sql</file>
		</sql>
	</uninstall>
 
	<files folder="site">
            <filename>index.html</filename>
            <filename>funciones.php</filename>
            <filename>controller.php</filename>
            <filename>frecuenciarespiratoria.php</filename>
            <folder>controllers</folder>
            <folder>models</folder>
            <folder>views</folder>
	</files>
        
        
        <administration>
            <menu img="class:categories">Frecuencia respiratoria</menu>

            <files folder="admin">
                <filename>index.html</filename>
                <filename>funciones.php</filename>
                <filename>controller.php</filename>
                <filename>frecuenciarespiratoria.php</filename>
                <folder>controllers</folder>
                <folder>models</folder>
                <folder>sql</folder>
                <folder>tables</folder>
                <folder>views</folder>
            </files>
            
	</administration>
</extension>